{"cameraMode":{"drawMode":0,"name":"Shaded","section":"Shading Mode"},"sceneLighting":false,"audioPlay":false,"sceneViewState":{"m_AlwaysRefresh":false,"showFog":true,"showSkybox":false,"showFlares":true,"showImageEffects":true,"showParticleSystems":true,"showVisualEffectGraphs":true,"m_FxEnabled":true},"in2DMode":false,"pivot":{"x":0.06399938464164734,"y":0.08378957211971283,"z":-0.010039173066616059},"rotation":{"x":0.14595304429531098,"y":-0.31877851486206057,"z":0.04973643273115158,"w":0.9352250099182129},"size":0.15302477777004243,"orthographic":false}