{"cameraMode":{"drawMode":0,"name":"Shaded","section":"Shading Mode"},"sceneLighting":false,"audioPlay":false,"sceneViewState":{"m_AlwaysRefresh":false,"showFog":true,"showSkybox":false,"showFlares":true,"showImageEffects":true,"showParticleSystems":true,"showVisualEffectGraphs":true,"m_FxEnabled":true},"in2DMode":false,"pivot":{"x":0.6052250862121582,"y":0.9260688424110413,"z":2.3348560333251955},"rotation":{"x":0.16876602172851563,"y":-0.49536803364753725,"z":0.09877535700798035,"w":0.8464199900627136},"size":4.216415882110596,"orthographic":false}