{"cameraMode":{"drawMode":0,"name":"Shaded","section":"Shading Mode"},"sceneLighting":false,"audioPlay":false,"sceneViewState":{"m_AlwaysRefresh":false,"showFog":true,"showSkybox":false,"showFlares":true,"showImageEffects":true,"showParticleSystems":true,"showVisualEffectGraphs":true,"m_FxEnabled":true},"in2DMode":false,"pivot":{"x":6.339372158050537,"y":1.0207486152648926,"z":175.67259216308595},"rotation":{"x":-0.04616095498204231,"y":0.5254034399986267,"z":-0.028560828417539598,"w":-0.8491265773773193},"size":0.9544429183006287,"orthographic":false}